Category,Name,URL,Description,Cost,Details
"Archiving","Archive.today",https://archive.today,"Archive any webpage, including Facebook and search for archived pages.",Free,https://bellingcat.gitbook.io/toolkit/more/all-tools/archive.today
"Archiving","Auto Archiver",https://github.com/bellingcat/auto-archiver,"Bellingcat's tool to automatically archive social media posts, videos, and images. Free and Open-Source.",Free,https://bellingcat.gitbook.io/toolkit/more/all-tools/auto-archiver
"Archiving","Bellingcat TikTok Hashtag Analysis",https://github.com/bellingcat/tiktok-hashtag-analysis,"Archive content and metadata from TikTok posts that contain one or more specified hashtags",Free,
"Archiving","Distill.io",https://distill.io/,"Distill.io is a website change monitoring tool that allows users to track changes on web pages.",Partially Free,https://bellingcat.gitbook.io/toolkit/more/all-tools/distill
"Archiving","Hunchly",https://www.hunch.ly/,"An archiving tool that tracks online activities and preserves essential information about the web pages researchers visit.",Paid,https://bellingcat.gitbook.io/toolkit/more/all-tools/hunchly
"Archiving","Wayback Machine",https://web.archive.org/,"The Internet Archive's Wayback Machine lets users view and archive web pages, aiding in historical research and digital preservation.",Free,https://bellingcat.gitbook.io/toolkit/more/all-tools/internet-archive
"Archiving","Lumen",https://lumendatabase.org/,"A research project collecting and publishing legal takedown notices for online content transparency",Free,https://bellingcat.gitbook.io/toolkit/more/all-tools/lumen
"Archiving","Web Archives",https://github.com/dessant/web-archives,"A browser extension to view archived and cached versions of a website on multiple archiving sites.",Partially Free,https://bellingcat.gitbook.io/toolkit/more/all-tools/web-archives
"Companies & Finance","527 Explorer",https://projects.propublica.org/527-explorer/,"ProPublica's 527 Explorer is a database that allows users to examine the finances of organizations known as 527s in the United States, which can raise unlimited sums for political purposes.",Free,https://bellingcat.gitbook.io/toolkit/more/all-tools/527-explorer
"Companies & Finance","BlockExplorer",https://blockexplorer.com/,"Following a bitcoin trail or following a bitcoin account?",Free,Crypto, Global
"Companies & Finance","China-related resources",https://bellingcat.gitbook.io/toolkit/more/all-tools/china-related-resources,"Resources for research on companies in China.",,https://bellingcat.gitbook.io/toolkit/more/all-tools/china-related-resources
"Companies & Finance","Companies House",https://find-and-update.company-information.service.gov.uk/,"Search companies and individuals in the United Kingdom and Gibraltar.",Free,https://bellingcat.gitbook.io/toolkit/more/all-tools/companies-house
"Companies & Finance","EDGAR",https://www.sec.gov/edgar/search/,"Database of corporate filings for the US",Free,https://bellingcat.gitbook.io/toolkit/more/all-tools/edgar
"Companies & Finance","EDGAR Command Line Interface (edgar-tool)",https://pypi.org/project/edgar-tool/,"Tool for the retrieval of corporate and financial data from SEC's EDGAR (Electronic Data Gathering, Analysis, and Retrieval) database.",Free,https://bellingcat.gitbook.io/toolkit/more/all-tools/edgar-suite
"Companies & Finance","Etherscan",https://etherscan.io/,"An explorer that allows researchers to track wallets, transactions and more on the Ethereum blockchain.",Free,https://bellingcat.gitbook.io/toolkit/more/all-tools/etherscan
"Companies & Finance","EU consolidated corporate registers",https://e-justice.europa.eu/content_find_a_company-489-en.do,"Consolidated company registers covering most of the EU, Iceland, Liechtenstein and Norway.",Free,https://bellingcat.gitbook.io/toolkit/more/all-tools/eu-consolidated-corporate-registers
"Companies & Finance","EU Sanctions Map",https://www.sanctionsmap.eu/,"Database of sanctions imposed by the European Union and the United Nations",Free,https://bellingcat.gitbook.io/toolkit/more/all-tools/eu-sanctions-map
"Companies & Finance","Global Suppliers Online",https://www.globalsuppliersonline.com/,"A site dedicated to connect suppliers and buyers of goods from all over the world.",Partially Free,https://bellingcat.gitbook.io/toolkit/more/all-tools/global-suppliers-online
"Companies & Finance","ICIJ Offshore Leaks Database",http://offshoreleaks.icij.org/,"Find out who’s behind more than 810k offshore companies, foundations and trusts from the Panama Papers, the Offshore Leaks, the Bahamas Leaks and the Paradise Papers investigations.",Free,https://bellingcat.gitbook.io/toolkit/more/all-tools/icij-offshore-leaks-database
"Companies & Finance","ImportGenius",https://www.importgenius.com/,"Commercial supplier of trade data for 23 countries. Paid service but journalists can ask for free access.",Paid,https://bellingcat.gitbook.io/toolkit/more/all-tools/importgenius
"Companies & Finance","ImportYeti",https://www.importyeti.com/,"Search 60 million US customs sea shipment records, find company suppliers.",Free,https://bellingcat.gitbook.io/toolkit/more/all-tools/importyeti
"Companies & Finance","LittleSis",https://littlesis.org/database,"Connects the dots between influential / wealthy individuals in (mostly US) politics and business.",Free,https://bellingcat.gitbook.io/toolkit/more/all-tools/littlesis
"Companies & Finance","Lumen",https://lumendatabase.org/,"A research project collecting and publishing legal takedown notices for online content transparency",Free,https://bellingcat.gitbook.io/toolkit/more/all-tools/lumen
"Companies & Finance","North Data",https://northdata.com,"Search for people and companies in EU corporate and trade registers + visualize relationships",Partially Free,https://bellingcat.gitbook.io/toolkit/more/all-tools/north-data
"Companies & Finance","OCCRP Aleph",https://aleph.occrp.org/,"Aleph offers a way to research sanctions lists, corporate registries, leaks, and more",Free,https://bellingcat.gitbook.io/toolkit/more/all-tools/occrp-aleph
"Companies & Finance","Open Ownership",https://www.openownership.org/en/,"Links to beneficial ownership registers.",Free,https://bellingcat.gitbook.io/toolkit/more/all-tools/open-ownership
"Companies & Finance","OpenCorporates",https://opencorporates.com/,"Comprehensive repository of company registries around the world",Partially Free,https://bellingcat.gitbook.io/toolkit/more/all-tools/opencorporates
"Companies & Finance","OpenSanctions",https://www.opensanctions.org/,"Open-source international database of sanctions data, persons of interest and politically exposed persons.",Partially Free,https://bellingcat.gitbook.io/toolkit/more/all-tools/opensanctions
"Companies & Finance","OpenSecrets",https://www.opensecrets.org/,"Data on campaign finance, lobbying, and spending in U.S. politics",Free,https://bellingcat.gitbook.io/toolkit/more/all-tools/opensecrets
"Companies & Finance","Osint Tools Map",https://cybdetective.com/osintmap/,"An interactive map serving as a curated archive of country-specific OSINT resources, including business registries, court records, and cadastral maps, created by Cyber Detective.",Free,https://bellingcat.gitbook.io/toolkit/more/all-tools/osint-tools-map
"Companies & Finance","RuPEP",https://rupep.org/en/,"Online database of politically exposed persons in Russia, Belarus, Kyrgyzstan and Kazakhstan.",Free,https://bellingcat.gitbook.io/toolkit/more/all-tools/rupep
"Companies & Finance","SanctionsExplorer",https://sanctionsexplorer.org/,"A comprehensive database of current and historical OFAC/UN/EU sanctions",Free,https://bellingcat.gitbook.io/toolkit/more/all-tools/sanctionsexplorer
"Companies & Finance","UN Comtrade Database",https://comtradeplus.un.org/,"United Nations free database of global trade.",Free,https://bellingcat.gitbook.io/toolkit/more/all-tools/un-comtrade-database
"Companies & Finance","Wikipedia list of registers",https://en.wikipedia.org/wiki/List_of_official_business_registers,"Wikipedia list of official business registers around the world.",Free,https://bellingcat.gitbook.io/toolkit/more/all-tools/wikipedia-list-of-registers
"Conflict","ACLED",https://acleddata.com/) (as of 2026-06-18,"ACLED provides data and analysis on political violence and protest around the world, facilitating research, policy making, and journalistic reporting.",Partially Free,https://bellingcat.gitbook.io/toolkit/more/all-tools/acled
"Conflict","Bulletpicker.com",www.bulletpicker.com,"Bulletpicker.com is a collection of ammunition guidebooks and manuals from several different armed forces.",Free,https://bellingcat.gitbook.io/toolkit/more/all-tools/bulletpicker.com
"Conflict","CAT UXO",https://cat-uxo.com/,"A repository for professionals working in the explosive ordnance disposal (EOD) space.",Partially Free,https://bellingcat.gitbook.io/toolkit/more/all-tools/cat-uxo
"Conflict","LiveUAMap",https://liveuamap.com/,"LiveUAMap is a mapping tool that provides up-to-date information on global geopolitical events, conflicts, and crises.",Partially Free,https://bellingcat.gitbook.io/toolkit/more/all-tools/liveuamap
"Conflict","Open Source Munitions Portal",https://osmp.ngo/,"A searchable library of verified images for researchers, journalists, and practitioners trying to learn more about munitions and their use and impact in conflict.",Free,https://bellingcat.gitbook.io/toolkit/more/all-tools/open-source-munitions-portal
"Conflict","Police Records Access Project",https://clean.calmatters.org/,"A database providing searchable access to California law enforcement records including police use-of-force incidents, shootings, and misconduct cases.",Free,https://bellingcat.gitbook.io/toolkit/more/all-tools/police-records-access-project
"Data Organization & Analysis","4CAT",https://4cat.nl/,"4CAT is a tool designed for the easy collection and analysis of online datasets. It allows researchers to uncover patterns and trends in data  from social media and other digital platforms.",Free,https://bellingcat.gitbook.io/toolkit/more/all-tools/4cat
"Data Organization & Analysis","Atlos",https://www.atlos.org/,"ATLOS is a platform for collaborative and large-scale open source investigations.",Partially Free,https://bellingcat.gitbook.io/toolkit/more/all-tools/atlos
"Data Organization & Analysis","Blender",https://www.blender.org/,"Blender is an open-source 3D creation suite supporting the 3D pipeline—modeling, rigging, animation, simulation, rendering, compositing, and motion tracking, even video editing.",Free,https://bellingcat.gitbook.io/toolkit/more/all-tools/blender
"Data Organization & Analysis","Datasette",https://datasette.io,"Open-source “WordPress-for-data” that turns any SQLite database into an interactive website and JSON API in seconds; ideal for publishing, exploring and collaborating on datasets.",Free,https://bellingcat.gitbook.io/toolkit/more/all-tools/datasette
"Data Organization & Analysis","Datawrapper",https://www.datawrapper.de/,"A tool for creating interactive charts, maps, and tables from your data, offering a user-friendly interface for visualizing information.",Partially Free,https://bellingcat.gitbook.io/toolkit/more/all-tools/datawrapper
"Data Organization & Analysis","Gephi",https://gephi.org,"Open-source network analysis and visualization software",Free,https://bellingcat.gitbook.io/toolkit/more/all-tools/gephi
"Data Organization & Analysis","Logseq",https://logseq.com/,"Logseq is an open-source knowledge management tool that enables users to organize their notes, tasks, and projects.",Free,https://bellingcat.gitbook.io/toolkit/more/all-tools/logseq
"Data Organization & Analysis","Maltego Graph",https://www.maltego.com/,"Maltego Graph is an investigation platform that combines two things at once: (1) It acts as a search tool, and (2) It creates a graph establishing links between data you uncover from your search.",Partially Free,https://bellingcat.gitbook.io/toolkit/more/all-tools/maltego
"Data Organization & Analysis","Obsidian",https://obsidian.md/,"A knowledge management and note-taking app with extensive customization options.",Partially Free,https://bellingcat.gitbook.io/toolkit/more/all-tools/obsidian
"Data Organization & Analysis","Pinpoint",https://journaliststudio.google.com/pinpoint/about,"A tool by Google to catalogue uploaded documents and files, providing automated text recogntion, indexing, audiotranscriptions and other (AI-powered) services.",Free,https://bellingcat.gitbook.io/toolkit/more/all-tools/pinpoint
"Data Organization & Analysis","QGIS",https://www.qgis.org,"QGIS is a free Open Source Geographic Information System (GIS).",Free,https://bellingcat.gitbook.io/toolkit/more/all-tools/qgis
"Data Organization & Analysis","RAWGraphs",https://app.rawgraphs.io/,"RAWGraphs is an open-source data visualization tool designed for non-technical users, enabling the creation of customizable, editable charts without coding skills.",Free,https://bellingcat.gitbook.io/toolkit/more/all-tools/rawgraphs
"Data Organization & Analysis","Time.Graphics",https://time.graphics,"A tool for creating, visualizing, and managing timelines online.",Partially Free,Create up to two timelines for free
"Environment & Wildlife","AllTrails",https://www.alltrails.com/,"AllTrails.com is a tool for discovering hiking, biking, and running trails worldwide, providing detailed trail maps, user reviews, and navigation support for outdoor enthusiasts.",Partially Free,https://bellingcat.gitbook.io/toolkit/more/all-tools/alltrails
"Environment & Wildlife","Amazonia Socio Ambiental (RAISG)",https://www.amazoniasocioambiental.org/en/,"Amazon rainforest maps and shapefiles of natural protected areas, concessions, indigenous territories, oil, mining, roads, fires, deforestation in bolivia, brazil, colombia, ecuador, guyanas and suriname, peru, venezuela",Free,🌳
"Environment & Wildlife","Aqueduct Water Risk Atlas",https://www.wri.org/applications/aqueduct/water-risk-atlas/,"The Aqueduct water Risk Atlas, developed by the World Resources Institute (WRI), is an interactive platform for assessing water-related risks globally.",Free,https://bellingcat.gitbook.io/toolkit/more/all-tools/aqueduct-water-risk-atlas
"Environment & Wildlife","BirdNet",https://birdnet.cornell.edu/map,"Identify bird sounds - find bird sounds on a global map.",Free,https://bellingcat.gitbook.io/toolkit/more/all-tools/birdnet
"Environment & Wildlife","CITES Trade Database",https://trade.cites.org/,"Around 23 million records of trade in wildlife since 1975.",Free,https://bellingcat.gitbook.io/toolkit/more/all-tools/cites-trade-database
"Environment & Wildlife","CryO Tools",https://cryo-tools.org/,"Scientific tools for investigating the cryosphere (areas with snow & ice)",Free,🧊
"Environment & Wildlife","EIA Global Environmental Crime Tracker",https://eia-international.org/global-environmental-crime-tracker/,"Map/tracker of environmental crimes including trade in ivory, rhino, big cats, and other exotic animals.",Free,https://bellingcat.gitbook.io/toolkit/more/all-tools/eia-global-environmental-crime-tracker
"Environment & Wildlife","Environmental Justice Atlas",https://ejatlas.org/,"Map of environmental-related conflict globally",Free,https://bellingcat.gitbook.io/toolkit/more/all-tools/environmental-justice-atlas
"Environment & Wildlife","Global Fishing Watch",https://globalfishingwatch.org/map,"A digital platform for investigating fishing activities and vessel movements worldwide by utilising satellite and AIS data.",Free,https://bellingcat.gitbook.io/toolkit/more/all-tools/global-fishing-watch-map
"Environment & Wildlife","Global Forest Watch",https://www.globalforestwatch.org/map/,"Explore tree cover loss and gain data, recent deforestation and fire alerts, land use designations, carbon emissions, biodiversity metrics and more.",Free,https://bellingcat.gitbook.io/toolkit/more/all-tools/global-forest-watch
"Environment & Wildlife","Global Monitoring System - ECOSOLVE",https://www.ecosolve.eco/dashboard,"Illicit online wildlife markets data.",Free,https://bellingcat.gitbook.io/toolkit/more/all-tools/global-monitoring-system
"Environment & Wildlife","Google Flood Hub",https://sites.research.google/floods/,"A visual tool to monitor river levels and forecast floods based on AI models developed by Google Research.",Free,https://bellingcat.gitbook.io/toolkit/more/all-tools/google-flood-hub
"Environment & Wildlife","Locust Hub",https://locust-hub-hqfao.hub.arcgis.com/,"A repository for desert locust data with maps and other resources for tracking movements, early detection and planning locust control interventions.",Free,https://bellingcat.gitbook.io/toolkit/more/all-tools/locust-hub
"Environment & Wildlife","Merlin",https://merlin.allaboutbirds.org/,"Identify birds (visually), through an app.",Free,https://bellingcat.gitbook.io/toolkit/more/all-tools/merlin
"Environment & Wildlife","Movebank",https://www.movebank.org/,"Platform for animal tracking data.",Free,
"Environment & Wildlife","Nullschool Earth Map",https://earth.nullschool.net/#current,"View current and historic wind, weather, ocean and pollution conditions on an interactive animated map.",Partially Free,
"Environment & Wildlife","Resource Watch",https://resourcewatch.org/,"A free open-data platform that hosts 300+ datasets on different topics relating to the environment and human well-being, including real-time datasets.",Free,https://bellingcat.gitbook.io/toolkit/more/all-tools/resource-watch
"Environment & Wildlife","River Runner Global",https://river-runner-global.samlearner.com/,"Calculate which water stream a drop of rain will follow",Free,💧
"Environment & Wildlife","Species+",https://www.speciesplus.net/species,"Centralized website with vulnerable species information.",Free,
"Environment & Wildlife","UNOSAT Analyses",https://unosat.org/products,"UNOSAT Analyses is a tool that maps humanitarian emergencies across the globe utilising United Nations Satellite Centre data.",Free,https://bellingcat.gitbook.io/toolkit/more/all-tools/unosat-analyses
"Environment & Wildlife","WildEye",https://global.wildeye.oxpeckers.org/,"Tracking tool for data on environmental and wildlife crime cases, including court cases and convictions, across the globe.",Free,https://bellingcat.gitbook.io/toolkit/more/all-tools/wildeye
"Environment & Wildlife","Wildlife Trade Portal",https://www.wildlifetradeportal.org/,"An open-source tool to search wildlife seizure data worldwide.",Free,https://bellingcat.gitbook.io/toolkit/more/all-tools/wildlife-trade-portal
"Environment & Wildlife","WildMe & WildBook",https://wildme.org/#/platforms/bass,"Open source pattern recognition software to identify unique whales, sharks, zebras, jaguars, skunks, fish and much more.",Free,🐳
"Environment & Wildlife","World Database on Protected and Conserved Areas",https://www.protectedplanet.net/en/search-areas?geo_type=site,"A comprehensive global database on terrestrial and marine protected areas.",Free,https://bellingcat.gitbook.io/toolkit/more/all-tools/world-database-protected-areas
"Geolocation","GeoHints",https://geohints.com/,"GeoHints is a website that provides information about things like traffic lights, utility poles, bollards etc. for different regions of the world to help geolocate a location.",Free,https://bellingcat.gitbook.io/toolkit/more/all-tools/geohints
"Geolocation","GeoNames",http://www.geonames.org/,"The GeoNames geographical database covers all countries and contains over eleven million place names that are available for download free of charge Extremely useful in Geo Tagging, documentation, and data collection.",Free,
"Geolocation","Bellingcat OpenStreetMap Search",https://osm-search.bellingcat.com/,"A user interface to search OpenStreetMap data for features in proximity to each other.",Free,https://bellingcat.gitbook.io/toolkit/more/all-tools/openstreetmap-search-tool
"Geolocation","Photo-Map.RU",http://photo-map.ru/,"Geotagged VK posts.",Free,
"Geolocation","ShadeMap",https://shademap.app,"ShadeMap is a global simulation of mountain, building & tree shadows for a given date & time. Base data is free, but users can buy 30cm accurate data per sq km for areas of special focus.",Partially Free,https://bellingcat.gitbook.io/toolkit/more/all-tools/shademap
"Geolocation","Shadow Finder",https://github.com/bellingcat/ShadowFinder,"To analyse shadows in source imagery, Shadow Finder maps all points on the earth where a shadow of given length could occur at a given date & time, IF the height of the object casting it is known.",Free,https://bellingcat.gitbook.io/toolkit/more/all-tools/shadow-finder
"Geolocation","ShadowMap",https://app.shadowmap.org/,"Global map of 3D buildlings and the shadows they cast at a specific time a day",Free,https://bellingcat.gitbook.io/toolkit/more/all-tools/shadowmap
"Geolocation","Spot",https://www.findthatspot.io/,"A natural language interface for querying the OpenStreetMap database to find locations which meet the search criteria described by the user.",Free,https://bellingcat.gitbook.io/toolkit/more/all-tools/spot
"Geolocation","SunCalc",https://www.suncalc.org/,"Suncalc models the relationship between the date, time of day, the geographic location of a place, and the position of the sun in the sky, together with the length & direction of the shadows it casts.",Free,https://bellingcat.gitbook.io/toolkit/more/all-tools/suncalc
"Facial Recognition","Amazon Rekognition",https://aws.amazon.com/rekognition/,"Check how similar two faces are",Free,
"Facial Recognition","Azure AI Video Indexer",https://vi.microsoft.com/en-us,"AI video tool for facial detection and other types of insights.",Paid,https://bellingcat.gitbook.io/toolkit/more/all-tools/azure-ai-video-indexer
"Facial Recognition","Face Comparison by ToolPie",https://facecomparison.toolpie.com/,"Compares two human face photos to determine similarity.",Free,https://bellingcat.gitbook.io/toolkit/more/all-tools/face-comparison-toolpie
"Facial Recognition","FaceCheck.ID",https://facecheck.id/,"A facial recognition search engine that tries to find photos of people that look similar to a person of interest.",Paid,https://bellingcat.gitbook.io/toolkit/more/all-tools/facecheck.id
"Facial Recognition","PimEyes",https://pimeyes.com/en,"An AI-powered facial recognition reverse image search tool.",Paid,https://bellingcat.gitbook.io/toolkit/more/all-tools/pimeyes
"Facial Recognition","Search4Faces",https://search4faces.com,"Upload the picture of a face and find pictures of similar looking people on VKontakte, Odnoklassniki, TikTok and Clubhouse.",Free,https://bellingcat.gitbook.io/toolkit/more/all-tools/search4faces
"Misc","AmIReal",https://seintpl.github.io/AmIReal/,"Github - GAN detector detects if faces were generated by ThisPersonDoesNotExist",Free,
"Misc","AutoStitch",https://mattabrown.github.io/autostitch.html,"Autostitch is a free tool for seamlessly combining multiple photos into a single panoramic image, making it ideal for creating wide-angle photography without needing specialized equipment.",Free,https://bellingcat.gitbook.io/toolkit/more/all-tools/autostitch
"Misc","Cleanup.Pictures",https://cleanup.pictures/,"Web tool for quickly removing objects from an image.",Free,
"Misc","fdupes",https://github.com/adrianlopezroche/fdupes,"Github - Locating exact matches of duplicate files.",Free,
"Misc","Forensically",https://29a.ch/photo-forensics/#forensic-magnifier,"A collection of web-based image forensics tools. Can identify fake or doctored images.",Free,https://bellingcat.gitbook.io/toolkit/more/all-tools/forensically
"Misc","Hugin",https://hugin.sourceforge.io/,"Hugin is a free and open-source panorama photo stitching and HDR (High Dynamic Range imaging) merging software that helps users create seamless panoramic images from multiple photographs.",Free,https://bellingcat.gitbook.io/toolkit/more/all-tools/hugin
"Misc","InVID",https://weverify.eu/verification-plugin/,"A toolkit that supports the verification of videos and images.",Free,https://bellingcat.gitbook.io/toolkit/more/all-tools/invid
"Misc","IPVM Calculator",https://calculator.ipvm.com/,"Tool for simulating camera views (for geolocations).",Free,
"Misc","PureRef",https://www.pureref.com/index.php,"Image workspace; lets you arrange images in groups, organize them, etc.",Free,
"Metadata","ExifPurge",http://www.exifpurge.com/,"EXIF Purge is a small portable application to remove EXIF metadata from multiple images at once. With the click of a button you can remove the camera, location and other technical information from a batch of photos which is embedded by the camera or the photo editing software.",Free,
"Metadata","Forensically",https://29a.ch/photo-forensics/#forensic-magnifier,"A collection of web-based image forensics tools. Can identify fake or doctored images.",Free,https://bellingcat.gitbook.io/toolkit/more/all-tools/forensically
"Metadata","FotoForensics",http://fotoforensics.com/,"Image forensics tool.",Free,
"Metadata","InVID",https://weverify.eu/verification-plugin/,"A toolkit that supports the verification of videos and images.",Free,https://bellingcat.gitbook.io/toolkit/more/all-tools/invid
"Metadata","Irfanview",http://irfanview.com/,"Windows-based software to extract metadata.",Free,
"Metadata","Jimpl",https://jimpl.com/,"Online EXIF data viewer",Free,
"Metadata","metadata2go",https://www.metadata2go.com/,"Check metadata for both photos and videos online.",Free,
"Metadata","Reveal Image Verification Assistant",https://www.rand.org/research/projects/truth-decay/fighting-disinformation/search/items/reveal-image-verification-assistant.html,"Forensic providing eight filters to detect still images alterations. "Web-based image tool. Also available within InVID verification plugin."",Free,
"Metadata","xIFr",https://github.com/StigNygaard/xIFr,"A Firefox add-on for extracting EXIF metadata by right-clicking an image.",Free,https://bellingcat.gitbook.io/toolkit/more/all-tools/xifr
"Reverse Image Search","Google Lens",https://lens.google/,"Google Lens is an image recognition tool that can be used to identify locations or objects in photographs.",Free,https://bellingcat.gitbook.io/toolkit/more/all-tools/google-lens
"Reverse Image Search","InVID",https://weverify.eu/verification-plugin/,"A toolkit that supports the verification of videos and images.",Free,https://bellingcat.gitbook.io/toolkit/more/all-tools/invid
"Reverse Image Search","RootAbout",http://rootabout.com/,"Reverse search images on the Internet Archive",Free,https://bellingcat.gitbook.io/toolkit/more/all-tools/rootabout
"Reverse Image Search","Search by Image",https://addons.opera.com/extensions/details/search-by-image/,"A browser extension to reverse search an image on multiple search engines.",Free,https://bellingcat.gitbook.io/toolkit/more/all-tools/search-by-image
"Reverse Image Search","TinEye",https://tineye.com/,"TinEye is a search engine that allows the user to search using images (reverse image search).",Free,https://bellingcat.gitbook.io/toolkit/more/all-tools/tineye
"Maps","About Maps and Satellites",https://bellingcat.gitbook.io/toolkit/more/all-tools/about-maps-and-satellites,"A guide to using map and satellite tools.",Free,https://bellingcat.gitbook.io/toolkit/more/all-tools/about-maps-and-satellites
"Maps","Apple Maps",https://www.apple.com/maps/,"Apple Maps is a digital mapping service with detailed maps, satellite imagery, and location-based information.",Free,https://bellingcat.gitbook.io/toolkit/more/all-tools/apple-maps
"Maps","Baidu Maps",http://map.baidu.com/,"Baidu’s mapping service offering satellite imagery, street maps, and streetview (“Panorama” - zh:百度全景).",Free,https://bellingcat.gitbook.io/toolkit/more/all-tools/baidu-maps
"Maps","Bing Maps",https://www.bing.com/maps/,"Bing Maps is a web mapping service provided by Microsoft that offers detailed geographical information and tools for route planning, location search, and satellite imagery.",Partially Free,https://bellingcat.gitbook.io/toolkit/more/all-tools/bing-maps
"Maps","Convert Geographic Units",http://rcn.montana.edu/resources/Converter.aspx,"A tool that converts various geographic coordinates to support diverse mapping and spatial analysis needs.",Free,https://bellingcat.gitbook.io/toolkit/more/all-tools/convert-geographic-units
"Maps","F4Map",https://demo.f4map.com,"F4Map is an interactive 3D map visualization tool that provides detailed rendering of urban landscapes and geographical features.",Free,https://bellingcat.gitbook.io/toolkit/more/all-tools/f4map
"Maps","Gaode Maps",https://gaode.com,"Gaode Maps (also known as AMap) is a mapping application and technology from the Chinese company Alibaba.",Free,https://bellingcat.gitbook.io/toolkit/more/all-tools/gaode-maps
"Maps","Gjirafa",https://gjirafa.biz/,"Mapping service for Albania (specially Kosovo)",Free,
"Maps","Global Forest Watch",https://www.globalforestwatch.org/map/,"Explore tree cover loss and gain data, recent deforestation and fire alerts, land use designations, carbon emissions, biodiversity metrics and more.",Free,https://bellingcat.gitbook.io/toolkit/more/all-tools/global-forest-watch
"Maps","Google Maps",https://www.google.com/maps,"Google Maps provides mapping information, satellite imagery and Google Street View imagery including historical Street View images.",Free,https://bellingcat.gitbook.io/toolkit/more/all-tools/google-maps
"Maps","GovMap",https://www.govmap.gov.il/,"GovMap provides an interactive map of Israel, offering users a wide range of data including property boundaries, planning information, and infrastructure details.",Free,https://bellingcat.gitbook.io/toolkit/more/all-tools/govmap
"Maps","HERE WeGo",https://wego.here.com/,"Mapping service similar to Google Maps or Apple Maps.",Free,https://bellingcat.gitbook.io/toolkit/more/all-tools/here-wego
"Maps","Hitta.se",https://www.hitta.se/,"Mapping service for Sweden",Free,https://bellingcat.gitbook.io/toolkit/more/all-tools/hitta.se
"Maps","Kakao Map",https://map.kakao.com,"A mapping application provided by South Korean technology company Kakao Corp.",Free,
"Maps","MapChecking",https://www.mapchecking.com/,"This tool helps you estimate and fact-check the maximum number of people standing in a given area.",Free,https://bellingcat.gitbook.io/toolkit/more/all-tools/mapchecking
"Maps","Mapillary",https://www.mapillary.com/,"Mapillary is a crowdsourced street-level imagery platform.",Free,https://bellingcat.gitbook.io/toolkit/more/all-tools/mapillary
"Maps","MapSwitcher",https://github.com/david-r-edgar/MapSwitcher,"Chrome extension switches  between online map apps, maintaining (as far as possible) the map centre, zoom level, & directions of the source map.",Free,https://bellingcat.gitbook.io/toolkit/more/all-tools/mapswitcher
"Maps","mapy.cz",http://mapy.cz,"Mapping service for Czechia",Free,
"Maps","Maritime Awareness Project",https://map.nbr.org/interactivemap/,"South China Sea maps with oil and gas fields, fishing areas, air defense zones and administrative, claimed, disputed zones, submarine data cables.",Free,
"Maps","NASA Firms",https://firms2.modaps.eosdis.nasa.gov/map/,"Displays a world map overlaid with infra-red data from one or more satellites, some, but not all of which may represent heat from fires and explosions.",Free,https://bellingcat.gitbook.io/toolkit/more/all-tools/nasa-firms
"Maps","OpenInfraMap",https://openinframap.org/#2/26/12,"Power lines, telecoms, solar, oil, gas & water infrastructure mapped globally.",Free,
"Maps","OpenSeaMap",https://map.openseamap.org/,"Sea map of borders, special zones, shipping lanes, with overlays of MarineTraffic and other sources",Free,
"Maps","OpenStreetMap",http://openstreetmap.org/,"OpenStreetMap is a collaborative project to create a free editable map of the world.",Free,[How Schoolchildren Became Pawns in Cameroon’s Anglophone Crisis](https://www.bellingcat.com/news/africa/2021/07/16/how-schoolchildren-became-pawns-in-cameroons-anglophone-crisis/)
"Maps","Bellingcat OpenStreetMap Search",https://osm-search.bellingcat.com/,"A user interface to search OpenStreetMap data for features in proximity to each other.",Free,https://bellingcat.gitbook.io/toolkit/more/all-tools/openstreetmap-search-tool
"Maps","Overpass Turbo",https://overpass-turbo.eu/,"Overpass Turbo is a web-based tool for querying and visualizing OpenStreetMap crowd sourced data, aiding in extracting specific information like locations of amenities e.g.hospitals.",Free,https://bellingcat.gitbook.io/toolkit/more/all-tools/overpass-turbo
"Maps","PeakVisor",https://peakvisor.com/,"Dual window views for any global location: (1) a 2-D map & (2) a 3-D rendered terrain model, with photo fitting, shade/slope mapping, sun trails & weather data. In active development for OS research.",Free,https://bellingcat.gitbook.io/toolkit/more/all-tools/peakvisor
"Maps","QGIS",https://www.qgis.org,"QGIS is a free Open Source Geographic Information System (GIS).",Free,https://bellingcat.gitbook.io/toolkit/more/all-tools/qgis
"Maps","Quick geolocation search",https://cybdetective.com/quickgeolocationsearch.html,"A tool that brings several maps into one place for easy location search.",Free,https://bellingcat.gitbook.io/toolkit/more/all-tools/quick-geolocation-search
"Maps","Satellites.pro",https://satellites.pro/,"Satellites.pro allows open source researchers to quickly switch between several free satellite imagery and mapping services.",Free,https://bellingcat.gitbook.io/toolkit/more/all-tools/satellites.pro
"Maps","ShadeMap",https://shademap.app,"ShadeMap is a global simulation of mountain, building & tree shadows for a given date & time. Base data is free, but users can buy 30cm accurate data per sq km for areas of special focus.",Partially Free,https://bellingcat.gitbook.io/toolkit/more/all-tools/shademap
"Maps","ShadowMap",https://app.shadowmap.org/,"Global map of 3D buildlings and the shadows they cast at a specific time a day",Free,https://bellingcat.gitbook.io/toolkit/more/all-tools/shadowmap
"Maps","Strava",https://www.strava.com,"A fitness tracking platform where publicly shared GPS activity data can reveal movement patterns, routines, and precise locations of individuals, including military personnel and public staff.",Partially Free,https://bellingcat.gitbook.io/toolkit/more/all-tools/strava
"Maps","Tencent Maps",http://map.qq.com/,"Tencent Maps (formerly SOSO Maps) is a desktop and web mapping service application and technology provided by Chinese company Tencent, offering satellite imagery, street maps, street view (coverage) and historical view perspectives.",Free,https://bellingcat.gitbook.io/toolkit/more/all-tools/tencent-maps
"Maps","Topotijdreis.nl",http://topotijdreis.nl,"Over 200 years of maps and topography from the Netherlands.",Free,
"Maps","UTM grid zones",http://dmap.co.uk/utmworld.htm,"An overview of the Universal Transverse Mercator coordinate system.",Free,
"Maps","what3words",http://what3words.com/,"A proprietary geocode system which identifies any location on the surface of the earth to a resolution of 3 metres. The identifier is a unique combination of three words, available in 60 languagues.",Free,https://bellingcat.gitbook.io/toolkit/more/all-tools/what3words
"Maps","Wikimapia",https://wikimapia.org/,"Wikimapia was a long-running collaborative mapping project that remains partially accessible, providing open source researchers with a unique database of historical, user-generated content.",Free,https://bellingcat.gitbook.io/toolkit/more/all-tools/wikimapia
"Maps","Yandex Maps",https://yandex.com/maps/,"A platform offering detailed maps, satellite imagery, street views (static & sometimes dynamic imagery, including aerial views). Often the best available data on Russia & surrounding regions.",Partially Free,https://bellingcat.gitbook.io/toolkit/more/all-tools/yandex-maps
"Satellite Imagery","About Maps and Satellites",https://bellingcat.gitbook.io/toolkit/more/all-tools/about-maps-and-satellites,"A guide to using map and satellite tools.",Free,https://bellingcat.gitbook.io/toolkit/more/all-tools/about-maps-and-satellites
"Satellite Imagery","Baidu Maps",http://map.baidu.com/,"Baidu’s mapping service offering satellite imagery, street maps, and streetview (“Panorama” - zh:百度全景).",Free,https://bellingcat.gitbook.io/toolkit/more/all-tools/baidu-maps
"Satellite Imagery","Bing Maps",https://www.bing.com/maps/,"Bing Maps is a web mapping service provided by Microsoft that offers detailed geographical information and tools for route planning, location search, and satellite imagery.",Partially Free,https://bellingcat.gitbook.io/toolkit/more/all-tools/bing-maps
"Satellite Imagery","Earth Explorer",https://earthexplorer.usgs.gov/,""Query and order satellite images, aerial photographs, and cartographic products"",Partially Free,https://bellingcat.gitbook.io/toolkit/more/all-tools/earth-explorer
"Satellite Imagery","Earth Online",https://earth.esa.int/eogateway/tools,"The ESA's Earth Online product offers a portal for accessing satellite imagery and environmental data, supporting a range of applications from climate monitoring to natural disaster assessment.",Free,https://bellingcat.gitbook.io/toolkit/more/all-tools/earth-online
"Satellite Imagery","EOS Landviewer",http://eos.com/landviewer,"EOS Landviewer provides free services for up to 10 images. More images and analysis are available to journalists at a discount. Contact: Artem Seredyuk artem.seredyuk@eosda.com. EOS is in the process of developing a service provisionally called EOS Media that will be providing free images and analysis of major natural disasters.",Paid,
"Satellite Imagery","Google Earth Engine",https://code.earthengine.google.com/,"Google Earth Engine is a platform for environmental monitoring and analysis through satellite imagery and geospatial data.",Partially Free,https://bellingcat.gitbook.io/toolkit/more/all-tools/google-earth-engine
"Satellite Imagery","Google Earth Pro",https://www.google.com/earth/about/versions/,"Google Earth is a geospatial tool that provides detailed, global satellite imagery, maps, 3D terrain models, and the ability to explore geographic data interactively.",Partially Free,https://bellingcat.gitbook.io/toolkit/more/all-tools/google-earth-pro
"Satellite Imagery","Google Maps",https://www.google.com/maps,"Google Maps provides mapping information, satellite imagery and Google Street View imagery including historical Street View images.",Free,https://bellingcat.gitbook.io/toolkit/more/all-tools/google-maps
"Satellite Imagery","GovMap",https://www.govmap.gov.il/,"GovMap provides an interactive map of Israel, offering users a wide range of data including property boundaries, planning information, and infrastructure details.",Free,https://bellingcat.gitbook.io/toolkit/more/all-tools/govmap
"Satellite Imagery","HERE WeGo",https://wego.here.com/,"Mapping service similar to Google Maps or Apple Maps.",Free,https://bellingcat.gitbook.io/toolkit/more/all-tools/here-wego
"Satellite Imagery","Index Database",https://www.indexdatabase.de/,"A database which relates remote sensing indices with satellite imaging sensors",Free,https://bellingcat.gitbook.io/toolkit/more/all-tools/index-database
"Satellite Imagery","Mapa.sk",http://mapa.sk/,"Mapping service for Slovakia",Free,
"Satellite Imagery","Mappy",http://en.mappy.com/,"Mapping service (and streetview in a couple of French cities \[double check this!])",Free,
"Satellite Imagery","MapSwitcher",https://github.com/david-r-edgar/MapSwitcher,"Chrome extension switches  between online map apps, maintaining (as far as possible) the map centre, zoom level, & directions of the source map.",Free,https://bellingcat.gitbook.io/toolkit/more/all-tools/mapswitcher
"Satellite Imagery","NASA Worldview",https://worldview.earthdata.nasa.gov/,"NASA Worldview is an online tool for visualizing and downloading near real-time satellite imagery and scientific data of Earth's atmosphere, land, and oceans.",Free,https://bellingcat.gitbook.io/toolkit/more/all-tools/nasa-worldview
"Satellite Imagery","OpenAerialMap",https://openaerialmap.org/,"Platform for accessing open-licensed satellite and unmanned aerial vehicle (UAV) imagery",Free,https://bellingcat.gitbook.io/toolkit/more/all-tools/openaerialmap
"Satellite Imagery","OrbTrack",https://www.orbtrack.org,"Predicts & describes the position & path of >10K satellites in Earth orbit, relative to points on the earth's surface input by the user, for 5 days ahead, + International Space Station video feed.",Free,https://bellingcat.gitbook.io/toolkit/more/all-tools/orbtrack
"Satellite Imagery","Planet Labs",https://www.planet.com/,"Planet Labs PBC is an American optical satellite imagery company that sells access to imagery.",Partially Free,https://bellingcat.gitbook.io/toolkit/more/all-tools/planet-labs
"Satellite Imagery","QGIS",https://www.qgis.org,"QGIS is a free Open Source Geographic Information System (GIS).",Free,https://bellingcat.gitbook.io/toolkit/more/all-tools/qgis
"Satellite Imagery","Radar Interference Tracker",https://ollielballinger.users.earthengine.app/view/bellingcat-radar-interference-tracker#lon=49.9507;lat=26.6056;zoom=4;,"Bellingcat's radar interference tracker can be used to locate and monitor active military radar systems.",Free,https://bellingcat.gitbook.io/toolkit/more/all-tools/radar-interference-tracker
"Satellite Imagery","RAMMB SLIDER",https://rammb-slider.cira.colostate.edu/,"Real-time weather satellites of the entire globe",Free,https://bellingcat.gitbook.io/toolkit/more/all-tools/rammb-slider
"Satellite Imagery","Satellites.pro",https://satellites.pro/,"Satellites.pro allows open source researchers to quickly switch between several free satellite imagery and mapping services.",Free,https://bellingcat.gitbook.io/toolkit/more/all-tools/satellites.pro
"Satellite Imagery","Copernicus Browser (formerly Sentinel Hub Playground, EO Browser)",https://browser.dataspace.copernicus.eu/,"A free web-based platform for viewing, analyzing, and downloading satellite imagery from the European Space Agency's Sentinel missions, with data updated every 5-10 days.",Free,https://bellingcat.gitbook.io/toolkit/more/all-tools/sentinal-hub-playground
"Satellite Imagery","SkyFi",https://skyfi.com/,"SkyFi is used to purchase commercial satellite imagery and task (order the collection of images) satellites without a subscription.",Paid,https://bellingcat.gitbook.io/toolkit/more/all-tools/skyfi
"Satellite Imagery","Tencent Maps",http://map.qq.com/,"Tencent Maps (formerly SOSO Maps) is a desktop and web mapping service application and technology provided by Chinese company Tencent, offering satellite imagery, street maps, street view (coverage) and historical view perspectives.",Free,https://bellingcat.gitbook.io/toolkit/more/all-tools/tencent-maps
"Satellite Imagery","Umbra Space",https://umbra.space/,"Umbra is an American synthetic aperture radar (SAR) satellite imaging company that sells on-demand taskings for satellite imagery.",Paid,https://bellingcat.gitbook.io/toolkit/more/all-tools/umbra-space
"Satellite Imagery","what3words",http://what3words.com/,"A proprietary geocode system which identifies any location on the surface of the earth to a resolution of 3 metres. The identifier is a unique combination of three words, available in 60 languagues.",Free,https://bellingcat.gitbook.io/toolkit/more/all-tools/what3words
"Satellite Imagery","Yandex Maps",https://yandex.com/maps/,"A platform offering detailed maps, satellite imagery, street views (static & sometimes dynamic imagery, including aerial views). Often the best available data on Russia & surrounding regions.",Partially Free,https://bellingcat.gitbook.io/toolkit/more/all-tools/yandex-maps
"Street View","About Maps and Satellites",https://bellingcat.gitbook.io/toolkit/more/all-tools/about-maps-and-satellites,"A guide to using map and satellite tools.",Free,https://bellingcat.gitbook.io/toolkit/more/all-tools/about-maps-and-satellites
"Street View","Baidu Maps",http://map.baidu.com/,"Baidu’s mapping service offering satellite imagery, street maps, and streetview (“Panorama” - zh:百度全景).",Free,https://bellingcat.gitbook.io/toolkit/more/all-tools/baidu-maps
"Street View","Bing Maps",https://www.bing.com/maps/,"Bing Maps is a web mapping service provided by Microsoft that offers detailed geographical information and tools for route planning, location search, and satellite imagery.",Partially Free,https://bellingcat.gitbook.io/toolkit/more/all-tools/bing-maps
"Street View","Carte.ma",http://carte.ma/,"Mapping/streetview service for Morocco",Free,
"Street View","GeoHints",https://geohints.com/,"GeoHints is a website that provides information about things like traffic lights, utility poles, bollards etc. for different regions of the world to help geolocate a location.",Free,https://bellingcat.gitbook.io/toolkit/more/all-tools/geohints
"Street View","Google Earth Pro",https://www.google.com/earth/about/versions/,"Google Earth is a geospatial tool that provides detailed, global satellite imagery, maps, 3D terrain models, and the ability to explore geographic data interactively.",Partially Free,https://bellingcat.gitbook.io/toolkit/more/all-tools/google-earth-pro
"Street View","Google Maps",https://www.google.com/maps,"Google Maps provides mapping information, satellite imagery and Google Street View imagery including historical Street View images.",Free,https://bellingcat.gitbook.io/toolkit/more/all-tools/google-maps
"Street View","KartaView",https://kartaview.org/map,"KartaView is a crowdsourced platform for street view imagery.",Free,https://bellingcat.gitbook.io/toolkit/more/all-tools/kartaview
"Street View","Mapillary",https://www.mapillary.com/,"Mapillary is a crowdsourced street-level imagery platform.",Free,https://bellingcat.gitbook.io/toolkit/more/all-tools/mapillary
"Street View","MapSwitcher",https://github.com/david-r-edgar/MapSwitcher,"Chrome extension switches  between online map apps, maintaining (as far as possible) the map centre, zoom level, & directions of the source map.",Free,https://bellingcat.gitbook.io/toolkit/more/all-tools/mapswitcher
"Street View","Photo-Map.RU",http://photo-map.ru/,"Geotagged VK posts.",Free,
"Street View","Tencent Maps",http://map.qq.com/,"Tencent Maps (formerly SOSO Maps) is a desktop and web mapping service application and technology provided by Chinese company Tencent, offering satellite imagery, street maps, street view (coverage) and historical view perspectives.",Free,https://bellingcat.gitbook.io/toolkit/more/all-tools/tencent-maps
"Street View","Wikimapia",https://wikimapia.org/,"Wikimapia was a long-running collaborative mapping project that remains partially accessible, providing open source researchers with a unique database of historical, user-generated content.",Free,https://bellingcat.gitbook.io/toolkit/more/all-tools/wikimapia
"Street View","Yandex Maps",https://yandex.com/maps/,"A platform offering detailed maps, satellite imagery, street views (static & sometimes dynamic imagery, including aerial views). Often the best available data on Russia & surrounding regions.",Partially Free,https://bellingcat.gitbook.io/toolkit/more/all-tools/yandex-maps
"People","192.com",http://www.192.com/,"Searching for someone's address in the UK, phone number and who they live with according to electoral rolls.",Free,📞 United Kingdom
"People","Blackbird",https://github.com/p1ngul1n0/blackbird,"Check usernames and email addresses on websites and social networks",Free,https://bellingcat.gitbook.io/toolkit/more/all-tools/blackbird
"People","DeHashed",https://dehashed.com/,"A platform that maintains a database of compromised credentials and a web domain registration search tool.",Paid,https://bellingcat.gitbook.io/toolkit/more/all-tools/dehashed
"People","DiscordLeaks",https://discordleaks.unicornriot.ninja/,"Search hundreds of thousands of messages leaked from 290+ white-supremacist / nazi discord servers.",Free,https://bellingcat.gitbook.io/toolkit/more/all-tools/discordleaks
"People","Eniro",https://www.eniro.se/,"Yellow Pages (Swedish Edition)",Free,📞 Sweden
"People","Epieos",https://tools.epieos.com/holehe.php,"Checks where an email has been used. Based on Holehe.",Paid,📧 Registration required
"People","FastPeopleSearch",http://fastpeoplesearch.com/,"Mostly good for US.",Free,📞🗣️ mostly United States
"People","GetContact",https://www.getcontact.com/en/,"Phonenumber ID app - draws from crowdsourced contactbooks",Free,📞 Do not give permission to your actual contact lists.
"People","Ghunt",https://github.com/mxrch/GHunt,"A command line tool for obtaining information about Google accounts.",Free,https://bellingcat.gitbook.io/toolkit/more/all-tools/ghunt
"People","Have I Been Pwned",https://haveibeenpwned.com/,"Does an email address appear in data breaches?",Free,https://bellingcat.gitbook.io/toolkit/more/all-tools/have-i-been-pwned
"People","Hitta.se",https://www.hitta.se/,"Mapping service for Sweden",Free,https://bellingcat.gitbook.io/toolkit/more/all-tools/hitta.se
"People","Intelx.io",http://intelx.io/,"Find user details in data breaches",Partially Free,https://bellingcat.gitbook.io/toolkit/more/all-tools/intelx.io
"People","Leak-Lookup",https://leak-lookup.com/,"An online tool that allows you to search across public data breaches to surface credentials that may have been compromised.",Partially Free,https://bellingcat.gitbook.io/toolkit/more/all-tools/leak-lookup
"People","Maigret",https://github.com/soxoj/maigret,"Maigret is a Python script that retrieves user information by searching for usernames across various websites and social media platforms.",Free,https://bellingcat.gitbook.io/toolkit/more/all-tools/maigret
"People","Bellingcat Name Variant Search",https://bellingcat.github.io/name-variant-search/,"Quickly search many variants of a person's name on Google",Free,https://bellingcat.gitbook.io/toolkit/more/all-tools/name-variant-search
"People","Namechk",https://namechk.com/,"A username and domain search tool that checks on which platforms or domain a given username is registered.",Free,https://bellingcat.gitbook.io/toolkit/more/all-tools/namechk
"People","NeutrOSINT",https://github.com/Kr0wZ/NeutrOSINT,"A tool for investigating Proton Mail addresses.",Free,https://bellingcat.gitbook.io/toolkit/more/all-tools/neutrosint
"People","NigeriaPhonebook",https://nigeriaphonebook.com/,"Look up by name, state, and phone number. Last names are partially censored for free accounts.",Free,📞🗣️ Nigeria
"People","Person Lookup",https://personlookup.co.za/,"find individuals, phonenumbers, and adresses",Free,📞🗣️ South Africa
"People","Pipl",http://pipl.com/,"Identity information for professionals",Paid,📞🗣️📧 
"People","Ratsit",https://www.ratsit.se/,"Look up phone numbers/names (Sweden)",Free,📞🗣️ Sweden
"People","Search Systems",https://publicrecords.searchsystems.net/,"Finding public record information online in over 70,000 databases organized by type and location to help you find property, criminal, court, birth, death, marriage, divorce records, licenses, deeds, mortgages, corporate records, business registration, and many other public record resources.",Free,📞🗣️ US
"People","Sherlock",./#url,"Allows a user to search for the presence of specific usernames across more than 400 websites and social networks.",Free,https://bellingcat.gitbook.io/toolkit/more/all-tools/sherlock
"People","Skopenow",https://www.skopenow.com/,"Social Media Investigations - name, phone, email, username searches.",Paid,https://bellingcat.gitbook.io/toolkit/more/all-tools/skopenow
"People","Spokeo",http://spokeo.com/,"People search through email, phone, name",Paid,📞🗣️📧 
"People","Swedish Name Register",https://scb.se/hitta-statistik/sverige-i-siffror/namnsok/,"Find out how common a name is in Sweden based on census data",Free,🗣️ Sweden
"People","The Law Pages",https://www.thelawpages.com/court-cases/court-case-search.php?mode=1,"Search criminal court case details in the UK, such as sentence, hearing, defendant, etc.",Free,🗣️ United Kingdom
"People","ThisNumber",https://sur.ly/o/numberway.com/AA000014,"An international directory of white pages and yellow pages phone books, and online directory enquiries. It's a free, independent and up-to-date guide to telephone directories on the web.",Free,📞 
"People","TrueCaller",https://www.truecaller.com/,"Truecaller is a caller ID app that identifies incoming calls, blocks unwanted numbers, and gathers phone numbers and names from contact lists. It also performs a reverse phone number search.",Partially Free,https://bellingcat.gitbook.io/toolkit/more/all-tools/truecaller
"People","TruffleHog",https://trufflesecurity.com/trufflehog,"Find leaked credentials.",Free,https://bellingcat.gitbook.io/toolkit/more/all-tools/trufflehog
"People","USA court case databases",./#case-databases-by-state,"State-by-state guide for researching criminal and civil court cases",Partially Free,https://bellingcat.gitbook.io/toolkit/more/all-tools/us-court-case-databases
"People","WhatsMyName",https://whatsmyname.app/,"Search for usernames on several hundred platforms",Free,https://bellingcat.gitbook.io/toolkit/more/all-tools/whats-my-name
"People","Worldwide Osint Tools map",https://cipher387.github.io/osintmap/,"Global overview of yellow/white pages, court cases, business registries etc.",Free,📞🗣️
"Facebook","Facebook Video Downloader",http://fdown.net/,"Handy website to download public Facebook videos. Copy paste the URL of the video and download it in the available definition formats.",Free,
"Facebook","HaveIBeenZuckered",https://haveibeenzuckered.com/,"Check if a telephone number is present within the Facebook data breach.",Free,
"Facebook","Meta Content Library",https://transparency.meta.com/researchtools/meta-content-library,"Meta Content Library is a controlled-access tool that lets approved academic and non-profit researchers search the full public archive of Facebook, Instagram, and Threads posts, in near-real-time.",Free,https://bellingcat.gitbook.io/toolkit/more/all-tools/meta-content-library
"Facebook","Social Searcher",https://www.social-searcher.com/,"Search hashtags and usernames across various platforms.",Partially Free,
"Facebook","Who posted what?",https://whopostedwhat.com/,"A tool that allows a keyword search on Facebook on a specific date or within a specific time frame.",Free,https://bellingcat.gitbook.io/toolkit/more/all-tools/who-posted-what
"Instagram","Instagram Location Search",https://github.com/bellingcat/instagram-location-search/tree/main,"A command line tool that allows users to find location tags near a specified latitude and longitude.",Free,https://bellingcat.gitbook.io/toolkit/more/all-tools/instagram-location-search
"Instagram","InstaLoader",https://instaloader.github.io,"Download pictures or videos (with metadata) from Instagram.",Free,https://bellingcat.gitbook.io/toolkit/more/all-tools/instaloader
"Instagram","Social Searcher",https://www.social-searcher.com/,"Search hashtags and usernames across various platforms.",Partially Free,
"Instagram","Story Saver",https://storysaver.net,"Download public Instagram Stories, Highlights and Videos.",Free,
"Multiple Platforms","4CAT",https://4cat.nl/,"4CAT is a tool designed for the easy collection and analysis of online datasets. It allows researchers to uncover patterns and trends in data  from social media and other digital platforms.",Free,https://bellingcat.gitbook.io/toolkit/more/all-tools/4cat
"Multiple Platforms","Blackbird",https://github.com/p1ngul1n0/blackbird,"Check usernames and email addresses on websites and social networks",Free,https://bellingcat.gitbook.io/toolkit/more/all-tools/blackbird
"Multiple Platforms","Have I Been Pwned",https://haveibeenpwned.com/,"Does an email address appear in data breaches?",Free,https://bellingcat.gitbook.io/toolkit/more/all-tools/have-i-been-pwned
"Multiple Platforms","holehe",https://github.com/megadose/holehe,"holehe allows you to check if the mail is used on different sites like twitter, instagram and will retrieve information on sites with the forgotten password function.",Free,
"Multiple Platforms","Intelx.io",http://intelx.io/,"Find user details in data breaches",Partially Free,https://bellingcat.gitbook.io/toolkit/more/all-tools/intelx.io
"Multiple Platforms","Namechk",https://namechk.com/,"A username and domain search tool that checks on which platforms or domain a given username is registered.",Free,https://bellingcat.gitbook.io/toolkit/more/all-tools/namechk
"Multiple Platforms","Open Measures",https://public.openmeasures.io,"Open Measures helps open source researchers investigate harmful online activity such as extremism and disinformation.",Partially Free,https://bellingcat.gitbook.io/toolkit/more/all-tools/open-measures
"Multiple Platforms","Sherlock",./#url,"Allows a user to search for the presence of specific usernames across more than 400 websites and social networks.",Free,https://bellingcat.gitbook.io/toolkit/more/all-tools/sherlock
"Multiple Platforms","Skopenow",https://www.skopenow.com/,"Social Media Investigations - name, phone, email, username searches.",Paid,https://bellingcat.gitbook.io/toolkit/more/all-tools/skopenow
"Multiple Platforms","Social Searcher",https://www.social-searcher.com/,"Search hashtags and usernames across various platforms.",Partially Free,
"Multiple Platforms","WhatsMyName",https://whatsmyname.app/,"Search for usernames on several hundred platforms",Free,https://bellingcat.gitbook.io/toolkit/more/all-tools/whats-my-name
"Multiple Platforms","Zeeschuimer",\,"Zeeschuimer is a browser extension for collecting social media posts that are visible in your web browser, enabling systematic analysis of content from platforms that are hard to scrape via APIs.",Free,https://bellingcat.gitbook.io/toolkit/more/all-tools/zeeschuimer
"Other Platforms","4plebs",https://4plebs.org/,"Searchable archive of specific 4chan boards. Makes it possible to read threads after they are purged from 4chan.",Free,https://bellingcat.gitbook.io/toolkit/more/all-tools/4plebs
"Other Platforms","Blackbird",https://github.com/p1ngul1n0/blackbird,"Check usernames and email addresses on websites and social networks",Free,https://bellingcat.gitbook.io/toolkit/more/all-tools/blackbird
"Other Platforms","BskyFollowFinder",https://bsky-follow-finder.theo.io/,"A tool that identifies which Bluesky accounts are followed by a profile’s contacts but not by that profile. Can be used for expanding networks and social graph analysis.",Free,https://bellingcat.gitbook.io/toolkit/more/all-tools/bluesky-network-analyzer
"Other Platforms","Disboard",https://disboard.org/servers,"Search for public discord servers",Free,
"Other Platforms","Discord Chat Exporter",https://github.com/Tyrrrz/DiscordChatExporter,"A tool for exporting and backing up Discord chat logs in multiple formats.",Free,https://bellingcat.gitbook.io/toolkit/more/all-tools/discord-chat-exporter
"Other Platforms","DiscordLeaks",https://discordleaks.unicornriot.ninja/,"Search hundreds of thousands of messages leaked from 290+ white-supremacist / nazi discord servers.",Free,https://bellingcat.gitbook.io/toolkit/more/all-tools/discordleaks
"Other Platforms","F5Bot",https://f5bot.com/,"Sends you an email when a keyword is mentioned on Reddit.",Free,
"Other Platforms","FindClone",https://findclone.ru/,"Searches images from VK profiles (within certain limits)",Free,
"Other Platforms","Google Account Finder (EPIEOS)",https://tools.epieos.com/google-account.php,"Find the profile picture and public Google Map Reviews + Photos associated with a G-mail adress. Also checks for phone numbers, and checks for email addresses on social networks",Free,
"Other Platforms","Gravatar Email Checker",https://en.gravatar.com/site/check/,"Check if an email address has been used to comment on blogs and whether there is a profile image attached.",Free,
"Other Platforms","LinkdTime",https://github.com/Lucksi/LinkdTime,"Build a clean timeline of any LinkedIn activity from a single URL or a whole list of links.",Free,https://bellingcat.gitbook.io/toolkit/more/all-tools/linkdtime
"Other Platforms","NameMC",https://namemc.com/,"Find usernames, track username changes on minecraft",Free,
"Other Platforms","Open Measures",https://public.openmeasures.io,"Open Measures helps open source researchers investigate harmful online activity such as extremism and disinformation.",Partially Free,https://bellingcat.gitbook.io/toolkit/more/all-tools/open-measures
"Other Platforms","Photo-Map.RU",http://photo-map.ru/,"Geotagged VK posts.",Free,
"Other Platforms","PSNprofiles",https://psnprofiles.com/,"Search PlayStation username, see daily activity, games played, country, and profile pic",Free,
"Other Platforms","RedditMetis",https://redditmetis.com,"RedditMetis is an online tool that analyses any public Reddit profile and returns charts and statistics on the user’s activity, language, sentiment and favourite sub-communities.",Free,https://bellingcat.gitbook.io/toolkit/more/all-tools/redditmetis
"Other Platforms","Sherlock",./#url,"Allows a user to search for the presence of specific usernames across more than 400 websites and social networks.",Free,https://bellingcat.gitbook.io/toolkit/more/all-tools/sherlock
"Other Platforms","Snap Map",https://map.snapchat.com,"Searchable map of geotagged snaps.",Free,https://bellingcat.gitbook.io/toolkit/more/all-tools/snap-map
"Other Platforms","SteamId.uk",http://steamid.uk/," Lookup player names, view (more) previously used names, and when accounts befriended eachother (Free). View screenshots of account, (bulk) seach based on previously used names (paid). ",Partially Free,
"Other Platforms","Strava",https://www.strava.com,"A fitness tracking platform where publicly shared GPS activity data can reveal movement patterns, routines, and precise locations of individuals, including military personnel and public staff.",Partially Free,https://bellingcat.gitbook.io/toolkit/more/all-tools/strava
"Other Platforms","Vk.watch",http://vk.watch/,"See public comments left by an account, profile photos used, and very basic facial recognition",Free,
"Other Platforms","XboxGamertag",https://xboxgamertag.com/,"Search gamertags, see games played and recorded game clips",Free,
"Telegram","Intelligence X Telegram Search",https://intelx.io/tools?tab=telegram,"Google-based search engine for Telegram (includes Telegago)",Free,
"Telegram","Open Measures",https://public.openmeasures.io,"Open Measures helps open source researchers investigate harmful online activity such as extremism and disinformation.",Partially Free,https://bellingcat.gitbook.io/toolkit/more/all-tools/open-measures
"Telegram","Telegago",https://cse.google.com/cse?cx=006368593537057042503:efxu7xprihg,"Telegago is a Google Custom Search Engine tailored for searching public Telegram content for OSINT purposes.",Free,https://bellingcat.gitbook.io/toolkit/more/all-tools/telegago
"Telegram","Telegram Group Joiner",https://bellingcat.github.io/telegram-group-joiner/,"Automate joining multiple Telegram groups and channels, ideal for researchers monitoring specific topics.",Free,https://bellingcat.gitbook.io/toolkit/more/all-tools/telegram-group-joiner
"Telegram","Telegram Phone Number Checker",https://colab.research.google.com/github/bellingcat/open-source-research-notebooks/blob/main/notebooks/bellingcat/telegram-phone-number-checker.ipynb,"Command line tool for checking if phone numbers are connected to Telegram accounts and retrieving related information where available.",Free,https://bellingcat.gitbook.io/toolkit/more/all-tools/telegram-phone-number-checker
"Telegram","TelegramDB",https://www.telegramdb.org/,"TelegramDB is a searchable database service that allows users to explore public Telegram groups and channels via a dedicated bot.",Partially Free,https://bellingcat.gitbook.io/toolkit/more/all-tools/telegramdb
"Telegram","Telemetrio",https://telemetr.io/,"Telemetr.io offers a range of Telegram-related services based on a catalog of Telegram channels: country and category-specific rankings, curated collections, real-time event tracking, and an API.",Partially Free,https://bellingcat.gitbook.io/toolkit/more/all-tools/telemetrio
"Telegram","Telemetry",https://www.telemetryapp.io/,"An analytical search tool for Telegram groups and channels.",Partially Free,https://bellingcat.gitbook.io/toolkit/more/all-tools/telemetry
"Telegram","Telepathy",https://github.com/prose-intelligence-ltd/Telepathy-Community,"Telepathy is a versatile Telegram toolkit for OSINT analysts, enabling chat archiving, memberlist gathering, user location lookup, top poster analysis, message mapping, and more.",Free,https://bellingcat.gitbook.io/toolkit/more/all-tools/telepathy
"Telegram","TGStat",https://tgstat.com/,"TGStat is a web-based analytics tool for Telegram that monitors active channels and provides profile analytics and statistics. It tracks channel subscribers’ growth rate, reach, and citation index.",Partially Free,https://bellingcat.gitbook.io/toolkit/more/all-tools/tgstat
"Telegram","tlgrm.eu channels",http://tlgrm.eu/channels,"Search Telegram channels.",Free,
"Tiktok","Bellingcat TikTok Date Extract",https://bellingcat.github.io/tiktok-timestamp,"Get the exact upload date + time for tiktok video urls",Free,Guide: [How to Investigate TikTok Like a Pro - Part II: Using TikTok for Ukraine Research](https://www.bellingcat.com/resources/how-tos/2022/11/02/how-to-investigate-tiktok-using-tiktok-ukraine-research/) 
"Tiktok","Bellingcat TikTok Hashtag Analysis",https://github.com/bellingcat/tiktok-hashtag-analysis,"Archive content and metadata from TikTok posts that contain one or more specified hashtags",Free,
"Tiktok","Open Measures",https://public.openmeasures.io,"Open Measures helps open source researchers investigate harmful online activity such as extremism and disinformation.",Partially Free,https://bellingcat.gitbook.io/toolkit/more/all-tools/open-measures
"Tiktok","Social Searcher",https://www.social-searcher.com/,"Search hashtags and usernames across various platforms.",Partially Free,
"Tiktok","TikTok-Api",https://pypi.org/project/TikTokApi,"Python - This is an unofficial api wrapper for TikTok.com in python. With this api you are able to call most trending and fetch specific user information as well as much more.",Free,
"Twitter/X","Hoaxy",https://hoaxy.osome.iu.edu/,"Hoaxy is a web-based search and visualization tool. It helps visualize the spread of information on Bluesky and X (Twitter).",Partially Free,https://bellingcat.gitbook.io/toolkit/more/all-tools/hoaxy
"Twitter/X","Social Searcher",https://www.social-searcher.com/,"Search hashtags and usernames across various platforms.",Partially Free,
"Twitter/X","Twitter Advanced Search",https://x.com/search-advanced,"Twitter/X Advanced Search is X's own tool to help users find more precise information on the platform by filtering posts according to criteria such as location, user, date or popularity.",Free,https://bellingcat.gitbook.io/toolkit/more/all-tools/twitter-advanced-search
"Twitter/X","Twitter Location Search",https://twitter.com/explore,"Search for geocoded tweets by their distance from some coordinates.",Free,https://bellingcat.gitbook.io/toolkit/more/all-tools/twitter-location-search
"Twitter/X","Twitter Video Downloader",https://twittervideodownloader.com/,"Download videos from X (formerly Twitter) by converting tweet URLs into downloadable video links.",Free,https://bellingcat.gitbook.io/toolkit/more/all-tools/twitter-video-downloader
"Youtube","Ghunt",https://github.com/mxrch/GHunt,"A command line tool for obtaining information about Google accounts.",Free,https://bellingcat.gitbook.io/toolkit/more/all-tools/ghunt
"Youtube","MW Geofind",https://mattw.io/youtube-geofind/location,"MW Geofind is a tool designed to help users identify the filming location of YouTube videos, facilitating the exploration of global content from a geographical perspective.",Free,https://bellingcat.gitbook.io/toolkit/more/all-tools/mw-geofind
"Youtube","RadiTube",https://tool.raditube.com/,"A search engine that searches the subtitles of about 380 (right/left) radical YouTube channels. You query for example for "q says" of "voter fraud" in 170,000 videos, and the search results will link you to the specific time-code in the video.",Free,
"Youtube","Social Searcher",https://www.social-searcher.com/,"Search hashtags and usernames across various platforms.",Partially Free,
"Youtube","YouTube Metadata",https://mattw.io/youtube-metadata/,"An alternative to Amnesty's YT viewer, with slightly more information.",Free,
"Transport","ADS-B Exchange",https://globe.adsbexchange.com/,"Live flight tracker (including many miltiary aircraft). Live data available for the past month. Historical data available for purchase by request.",Free,✈️ [A Beginner's Guide To Flight Tracking](https://www.bellingcat.com/resources/how-tos/2019/10/15/a-beginners-guide-to-flight-tracking/)
"Transport","Airframes",http://www.airframes.org/,"A database of aircraft details",Free,✈️ 
"Transport","Aviation Safety Network",https://aviation-safety.net/,"Aircraft incident database; can be searched by country, registration, year, etc.",Free,✈️ 
"Transport","Chronotrains",https://www.chronotrains.com/en,"Chronotrains is a free interactive map designed to explore the reach of Europe’s extensive rail network. Enter a starting point and travel time to see reachable destinations by train.",Free,https://bellingcat.gitbook.io/toolkit/more/all-tools/chronotrains
"Transport","Equasis",https://www.equasis.org/,"Equasis provides vessel ownership and safety records, as well as shipping company fleet information.",Free,https://bellingcat.gitbook.io/toolkit/more/all-tools/equasis
"Transport","Federal Aviation Administration",http://registry.faa.gov/aircraftinquiry/NNum\_inquiry.aspx,"Nationwide Plane Registry. Search by N-Number (a.k.a. callsign). Comprehensive list of privately owned planes in the US.",Free,✈️ 
"Transport","FlightAware",https://www.flightaware.com/live/,"FlightAware is a global flight-tracking platform that provides real-time data on aircraft movements. It offers live tracking, historical data, and predictive analytics via its website and apps.",Partially Free,https://bellingcat.gitbook.io/toolkit/more/all-tools/flightaware
"Transport","Flightradar24",https://www.flightradar24.com,"Flightradar24, a real-time flight tracking service, that provides comprehensive information about aircraft positions, flight numbers, routes, historical data, detailed aircraft specifications.",Partially Free,https://bellingcat.gitbook.io/toolkit/more/all-tools/flightradar24
"Transport","Global Fishing Watch",https://globalfishingwatch.org/map,"A digital platform for investigating fishing activities and vessel movements worldwide by utilising satellite and AIS data.",Free,https://bellingcat.gitbook.io/toolkit/more/all-tools/global-fishing-watch-map
"Transport","GPSJam",https://gpsjam.org/,"GPSJam.org is a daily map that visualizes the GPS/GNSS disruptions on aircraft worldwide. It collects and presents 24-hour data showing areas experiencing interference.",Free,https://bellingcat.gitbook.io/toolkit/more/all-tools/gpsjam
"Transport","Illegal, unreported, unregular fishing Vessels List",https://iuu-vessels.org/Home/Search,"A combined list of known illegal, unreported, unregular fishing vessels",Free,⛵ 
"Transport","IMO Registry",http://webaccounts.imo.org/,"Ship/shipping-related information from the IMO",Free,⛵ 
"Transport","License Plate Maps",https://bellingcat.gitbook.io/toolkit/more/all-tools/license-plate-maps,"Collection of tools and maps for discerning license plates by country",Free,https://bellingcat.gitbook.io/toolkit/more/all-tools/license-plate-maps
"Transport","Live ATC",http://liveatc.net/,"Audio from air traffic control towers in the United States. Aircraft have to identify themselves to ATC towers, so in cases where aircraft are trying to obscure their information from other sites, it might be another way to grab tail numbers or just generally track flights. More complicated to use than e.g. Flightradar24.",Free,✈️ 
"Transport","MarineTraffic",https://www.marinetraffic.com/en/ais/home/centerx:25.0/centery:-34.5/zoom:8,"An open, community-based project, providing (near) real-time information on the movements of ships and their locations in harbours and ports.",Partially Free,https://bellingcat.gitbook.io/toolkit/more/all-tools/marinetraffic
"Transport","OpenRailwayMap",https://wiki.openstreetmap.org/wiki/OpenRailwayMap,"a detailed online map of the world's railway infrastructure",Free,🚂 
"Transport","OpenSky-Network",http://opensky-network.org/,"Community, open source flight tracking network.",Free,✈️ 
"Transport","ShipFinder",https://shipfinder.co/,"ShipFinder is an application designed to track vessels in near real-time across the globe, available on iPhone and Android platforms (but no longer PC)",Partially Free,https://bellingcat.gitbook.io/toolkit/more/all-tools/shipfinder
"Transport","VesselFinder",https://www.vesselfinder.com/,"Live marine vessel tracker",Partially Free,https://bellingcat.gitbook.io/toolkit/more/all-tools/vesselfinder
"Websites","Distill.io",https://distill.io/,"Distill.io is a website change monitoring tool that allows users to track changes on web pages.",Partially Free,https://bellingcat.gitbook.io/toolkit/more/all-tools/distill
"Websites","DNS History",http://completedns.com/,"Collection of historical DNS information.",Free,
"Websites","Domain Research Suite",https://drs.whoisxmlapi.com/,"Domain Research Suite provides tools to obtain registration and ownership data for domain names, along with historical search and reverse lookup functionality.",Paid,https://bellingcat.gitbook.io/toolkit/more/all-tools/domain-research-suite
"Websites","DomainTools Whois Lookup",https://whois.domaintools.com/,"DomainTools Whois provides detailed domain name registration information, and can be used to investigate details about domains or IP addresses.",Partially Free,https://bellingcat.gitbook.io/toolkit/more/all-tools/domaintools-whois-lookup
"Websites","Geo Data Tool",https://www.geodatatool.com/,"IP geolocation service to identify the location and other technical information associated to IP addresses.",Free,https://bellingcat.gitbook.io/toolkit/more/all-tools/geo-data-tool
"Websites","Grep.app",https://grep.app/,"grep.app is a free web-based search engine that allows users to search the contents of public GitHub repositories.",Free,https://bellingcat.gitbook.io/toolkit/more/all-tools/grep.app
"Websites","ICANN Lookup",https://lookup.icann.org/,"This tool allows you to search for the current registration data of internet domains.",Free,https://bellingcat.gitbook.io/toolkit/more/all-tools/icann-lookup
"Websites","IDN Checker",https://holdintegrity.com/checker,"IDN Checker detects visually similar versions of a domain.",Free,https://bellingcat.gitbook.io/toolkit/more/all-tools/idn-checker
"Websites","Intelx.io",http://intelx.io/,"Find user details in data breaches",Partially Free,https://bellingcat.gitbook.io/toolkit/more/all-tools/intelx.io
"Websites","Wayback Machine",https://web.archive.org/,"The Internet Archive's Wayback Machine lets users view and archive web pages, aiding in historical research and digital preservation.",Free,https://bellingcat.gitbook.io/toolkit/more/all-tools/internet-archive
"Websites","Moz Link Explorer",http://moz.com/link-explorer,"Analyse the links of any website.",Free, 
"Websites","PublicWWW",https://publicwww.com/,"PublicWWW is a source code search engine that allows you to search for any alphanumeric snippet, signature, or keyword within the HTML, JavaScript, and CSS code of millions of web pages.",Partially Free,https://bellingcat.gitbook.io/toolkit/more/all-tools/publicwww
"Websites","Shodan",https://www.shodan.io/,"A search engine for internet-connected devices, from webcams to databases.",Partially Free,https://bellingcat.gitbook.io/toolkit/more/all-tools/shodan
"Websites","The Information Laundromat",https://informationlaundromat.com,"A tool for analyzing content replication and site architecture to detect information laundering.",Free,https://bellingcat.gitbook.io/toolkit/more/all-tools/the-information-laundromat
"Websites","Urlscan.io",https://urlscan.io/,"urlscan.io is an online tool that allows investigators to analyse, monitor, and document websites in real time.",Free,https://bellingcat.gitbook.io/toolkit/more/all-tools/urlscan.io
"Websites","Web Archives",https://github.com/dessant/web-archives,"A browser extension to view archived and cached versions of a website on multiple archiving sites.",Partially Free,https://bellingcat.gitbook.io/toolkit/more/all-tools/web-archives
"Websites","What CMS",https://whatcms.org/,"WhatCMS is a web-based tool for anyone needing information about the technologies behind any website, including the content management system (CMS), e-commerce platforms, and hosting providers and web",Partially Free,https://bellingcat.gitbook.io/toolkit/more/all-tools/what-cms
"Websites","Whoxy",https://www.whoxy.com/,"Whoxy is a domain search engine or "whois lookup" tool to find (the history of) registration information on a domain, such as the registrar, the status of the domain and the date of registration.",Partially Free,https://bellingcat.gitbook.io/toolkit/more/all-tools/whoxy